Brewery,Location,Est. Year
 101 North Brewing Company,Petaluma,2012
 14 Cannons Brewing Company,Westlake Village,2017
 2 Kids Brewing Company,San Diego,2014
 2 Tread Brewing,Santa Rosa,2018
 21st Amendment Brewery (Kirin),San Francisco,2001
 3 Disciples,Sebastopol,2016
 3 Iron Brewing Company,Colton,2015
 32 North Brewing,San Diego,2014
 47 Hills Brewing Company,South San Francisco,2017
 8 Bit Brewing (CA),Murrieta,2016
 800 Degrees,Sara Monica,2018
 927 Beer Company,Cambria,2012
 Abnormal Beer Company,San Diego,2015
 Absolution Brewing Company,Torrance,2014
 Acoustic Ales Brewing Experiment,San Diego,2013
 Adobe Creek Brewing,Novato,2017
 Aftershock Brewing Company,Temecula,2012
 Alameda Island Brewing Company,Alameda,2015
 Alaro Craft Brewery,Sacramento,2018
 Ale House Brewing Company,San Jose,2016
 Ale Industries,Oakland,2009
 AleSmith Brewing Company,San Diego,1995
 Align Brewing,San Diego,2017
 All-American Ale Works,Anaheim,2018
 Almanac Beer Company,San Francisco,2011
 Alosta Brewing Company,Covina,2013
 Alpenglow Beer Company,Lafayette,2016
 Alpha Acid Brewing Company,Belmont,2014
 Alpine Beer Company (CA),Alpine,2002
 Alpine Village Hofbrau,Torrance,2001
 Altamont Beer Works,Livermore,2012
 Alvarado Street Brewery,Monterey,2014
 Amador Brewing Company,Plymouth,2015
 American River Brewing Company,Rancho Cordova,2011
 Amplified Ale Works,San Diego,2012
 Anacapa Brewing Company,Ventura,2005
 Anaheim Brewery,Anaheim,2011
 Anchor Brewing Company (Sapporo),San Francisco,2001
 Anderson Valley Brewing Company,Boonville,1986
 Angel City Brewing Company (A&S; Brewing - Boston Beer Co.),Los Angeles,1999
 Angry Horse Brewing,Montebello,2018
 Arcana Brewing Company,Carlsbad,2012
 Archaic Brewing,Tustin,2015
 Area 51 Craft Brewery,Riverside,2013
 Armistice Brewing Company,Richmond,2017
 Armstrong Brewing Company,South San Francisco,2015
 Arrogant Brewing,Escondido,1997
 Arrow Lodge Brewing,Covina,2016
 Arsenal Urban Ales,Pasadena,2016
 Artifex Brewing Company,San Clemente,2014
 Arts District Brewing,Los Angeles,2015
 Ashuraya Beverage Company,Encino,2014
 Ass Kisser Ales,San Jose,2010
" Asylum Brewing (Anaheim, CA)",Anaheim,2017
 Auburn Alehouse (CA),Auburn,2007
 Automatic Brewing Company (Blind Lady Ale House),San Diego,2009
 Aztec Brewing Company,Vista,2012
 Babes Bar-B-Que & Brewhouse,Rancho Mirage,2002
 Back Street Brewery (Vista),Vista,2008
 Backstreet Brewery,Anaheim,2015
 Baeltane Brewing,Novato,2012
 Bagby Beer Company,Oceanside,2014
 Bald Mountain Brewery,Marysville,2016
 Ballast Point Brewing Company (Constellation Brands),San Diego,1996
 Bang The Drum Brewery,San Luis Obispo,2013
 Barebottle Brewing Company,San Francisco,2016
 Barley Forge Brewing Company,Costa Mesa,2014
 Barrel Brothers Brewing Company,Windsor,2016
 Barrel Harbor Brewing,Vista,2013
 Barrel Head Brewhouse,San Francisco,2014
 BarrelHouse Brewing Company,Paso Robles,2013
 Barrels & Sons Brewery,Napa,2018
 Bartlett Hall,San Francisco,2014
 BattleMage Brewing Company,Vista,2017
 Bay Bridge Brewing,Chula Vista,2015
 Bay City Brewing,San Diego,2015
 Beach Chalet Brewery,San Francisco,1999
 Beach City Brewery,Huntington Beach,2013
 Beach Grease Beer Company,Vista,2017
 Beachwood BBQ & Brewing,Long Beach,2011
 Beachwood Blendery,Long Beach,2015
 Beancurdturtle Brewing,La Habra,2015
 Bear Republic Brewing Company,Healdsburg,1991
 Bear Roots Brewing Company,Vista,2015
 Beer Diva,Ukiah,2013
 Belching Beaver,Vista,2012
 Belmont Brewing Company,Long Beach,1999
 Benchmark Brewing,San Diego,2013
 Benoit Casper Brewing,Richmond,2015
 Berryessa Brewing Company,Winters,2011
 Beverly Hills Beerhouse Company,Brisbane,2010
 Big Bear Lake Brewing Company,Big Bear Lake,2014
 Big Bear Mountain Brewery,Big Bear Lake,2003
 Big Hurt Beverage Company,Salinas,2011
 Big Sexy Brewing Company,Sacramento,2016
 Big Stump Brewing Company,Sacramento,2017
 Bike Dog Brewing Company,West Sacramento,2013
 Bird Street Brewing,Lemoore,2015
 Bison Brewing Company,Berkeley ,1989
 Bitter Brothers Brewing Company,San Diego,2016
 BJ's Restaurant & Brewhouse,Huntington Beach,1999
 Black Diamond Brewing Company,Concord,1994
 Black Doubt Brewing Company,Mammoth Lakes,2015
 Black Gold Brewing Company,Taft,2014
 Black Hammer Brewing,San Francisco,2015
 Black Market Brewing Company,Temecula,2009
 Black Plague Brewing,Oceanside,2017
 Black Sands Brewery,San Francisco,2015
 Blaker Brewing Company,Ceres,2018
 Blessed Brewing,Grover Beach,2016
 Blue Frog Brewery,Fairfield,2001
 Blue Note Brewing,Woodland,2015
 Blue Oak Brewing Company,San Carlos,2017
 BNS Brewing & Distilling,Santee,2013
 Bolt Brewery,La Mesa,2014
 Bonaventure Brewing Company,Los Angeles,2003
 Boomtown Brewery,Los Angeles,2015
 Bootleggers Brewery,Fullerton,2008
 Booze Brothers Brewing,Vista,2013
 Border X Brewing,San Diego,2013
 Bottle Logic Brewing,Anaheim,2014
 Brass Bear,Santa Barbara ,2018
 Brävery Brewing,Lancaster,2012
 Breakwater Brewing Company,Oceanside,2009
 Brew Crew Inc,Riverside,2013
 Brew Rebellion,Yucaipa,2013
 Brewbakers Brewing Company (Visalia),Visalia,2009
 Brewcaipa,Yucaipa,2017
 Brewery REX,,2017
 Brewery Twenty Five,San Juan Bautista,2017
 brewLAB,Carpinteria,2014
 Brew-Ligion,Murrieta,2012
 Brewtality Brewing,Sunnyvale,2018
 Brewyard Beer Company,Glendale,2015
 British Bulldog,Chico,2018
 Brouwerij West,"San Pedro, CA",2010
 Brüehol Brewing,Benicia,2017
 Bruery Terreux,Anaheim,2015
 Buffalo Bills Brewery,Hayward,1983
 Burgeon Beer Company,Carlsbad,2017
 Burning Barrel Brewing Company,Ranco Cordova,2018
 Burning Beard Brewing,El Cajon,2016
 Butte Creek Brewing Company,Ukiah,1996
 Calicraft Brewing Company,Walnut Creek,2012
 California Brewing Company,Palo Cedro,2010
 California Wild Ales,San Diego,2018
 Callahan's Pub & Brewery,San Diego,2002
 Calturas Brewery,Lodi,2017
 Camino Brewing Company,San Jose,2015
 Campbell Brewing Company,Campbell,2005
 Cannery Row Brewing Company,Monterey,2011
 Canyon Lakes Golf Course & Brewery,San Ramon,2017
 Captain Fatty's Craft Brewery,Goleta,2014
 Carmel Valley Brewing,Carmel Valley,2006
 Carneros Brewing Company,Sonoma,2013
 Casa Agria,Oxnard,2015
 Catalina Island Brewhouse,Avalon,2015
 Cellador Ales,North Hills,2016
 Cellarmaker Brewing Company,San Francisco,2013
 Central Coast Brewing,San Luis Obispo,2004
 Channel Brewing Company,Stockton,2017
 Chapman Crafted Beer,Orange,2016
 Chau Tien Beer Company,Fairfield,1985
 Chino Valley Brewery,Ontario,2012
 ChuckAlek Independent Brewers,Ramona,2014
 Chula Vista Brewery,Chula Vista,2018
 Circle 9 Brewing,San Diego,2018
 Cismontane Brewing,Rancho Santa Margarita,2009
 Claimstake Brewing,Rancho Cordova,2016
 Clandestine Brewing,San Jose,2014
 Claremont Craft Ales,Claremont,2012
 Cleophus Quealy Beer Company,San Leandro,2014
 Coachella Valley Brewing,Thousand Palms,2013
 Coastal Fog Brewing,Concord,2001
 Cold Bore Brewing,Jamul,2012
 Cold Water Brewery & Grill,South Lake Tahoe,2014
 Concrete Jungle Brewing Project,Los Angeles,2017
 Congregation Ales,Azusa,2013
 Cool Beerwerks,Cool,2014
 Cooperage Brewing Company,Santa Rosa,2015
 Coronado Brewing Company,Coronado,1996
 Corralitos Brewing Company,Watsonville,2015
 Cosmic Ales,Torrance,2010
 Council Brewing Company,San Diego,2014
 Craft Artisan Ales,Pacific Grove,2014
 Craft Brewing Company,Lake Elsinore,2010
 Craftsman Brewing Company,Pasadena,2000
 Creek Monkey Tap House (Rocksteady Brewing),Martinez,2012
 Crooked Goat Brewing,Sebastopol,2016
 Crooked Lane Brewing Company,Auburn,2016
 Cultivar Beer,San Francisco,2018
 Culture Brewing Company,Solana Beach,2013
 Culver Beer Company,Carlsbad,2016
 Dagny Brewing Company,Modesto,2015
 Dancing Fox Winery,Lodi,2015
 Danville Brewing Company,Danville,2016
 DarkHeart Brewing,Sacramento,2018
 Deans Brothers Brewing Company,Santa Ana,2008
 Death Valley Brewing,Tecopa,2015
 Deft Brewing,San Diego,2017
 Del Cielo Brewing Company,Martinez,2018
 Dempsey's Restaurant and Brewery,Petaluma,1991
 Desert Barn Brewery,Hesperia,2015
 Device Brewing Company,Sacramento,2013
 Devil's Canyon Brewing Company,San Carlos,2004
 Dionysus Brewing,Bakersfield,2016
 Discretion Brewing,Soquel,2013
 Diving Dog Brewhouse,Oakland,2014
 Division 23 Brewing,San Diego,2015
 DNA Brewing,Fairfield,2016
 Docent Brewing,San Juan Capistrano,2017
 Dos Desperados Brewery,San Marcos,2014
 Downey Brewing Company,Downey,2010
 Downtown Joes Restaurant & Brewery,Napa,2003
 Dr. Jekyll's Craft Beer,Altadena,2015
 Dragons Tale Brewing,Montclair,2016
 Drakes Brewing Company,San Leandro,1989
 Draughtsmen Aleworks,Goleta,2015
 Dreaming Dog Brewery,Elk Grove,2018
 Dry River Brewing,Los Angeles,2015
 Duck Foot Brewing Company,San Diego,2015
 Dueling Dogs Brewing Company,Lincoln,2018
 Dunbar Brewing,Santa Margarita,2011
 Dunloe Brewing,Davis,2017
 Dunsmuir Brewery Works,Dunsmuir,2009
 Dust Bowl Brewing Company,Turlock,2009
 E. J. Phair Brewing Company,Pittsburg,2000
 Eagle Rock Brewery,Los Angeles,2009
 Earth and Fire Brewing Company,Paso Robles,2016
 East Brother Beer Company,Richmond,2016
 East Cliff Brewing Company,Santa Cruz,2016
 Eckert Malting and Brewing,Chico,2016
 EDH Brewing Company,El Dorado Hlls,2016
 Eel River Brewing Company,Fortuna,1994
 Eight Bridges Brewing,Livermore,2014
 Einhorn Beer Company,San Luis Obispo,2008
 El Dorado Brewing Company,Camino,2011
 El Segundo Brewing Company,El Segundo,2011
 El Toro Brewing Company,Morgan Hill,1994
 Electric Brewing Company,Murrieta,2014
 Elevation 66 Brewing Company,El Cerrito,2011
 Elizabeth Street Brewery,San Francisco,2009
 Elkhorn Slough Brewing Company,Watsonville,2016
 Enegren Brewing Company,Moorpark,2011
 English Ales Brewery,Marina,2001
 Epidemic Ales,Concord,2015
 Eppig Brewing,San Diego,2016
 Escape Craft Brewery,Redlands,2015
 Escondido Brewing Company,Escondido,2018
 Etna Brewing Company,Etna,2004
 Eureka Peak Brewing Company,Portola,2016
 Euryale Brewing,Riverside,2016
 Evans Brewing Company,Irvine,1994
 Evans Premium Lager,Yorba Linda,2011
 Faction Brewing,Alameda,2013
 Fair Oaks Brew Pub,Fair Oaks,2015
 Fall Brewing Company,San Diego,2015
 Fall River Brewing Company,Redding,2013
 Fallbrook Brewing Company,Fallbrook,2013
 Farm Creek Brewing Company,Walnut Creek,2016
 Fat Cat Beer Company,La Jolla,2013
 Faultline Brewing Company,Sunnyvale,2001
 Feather Falls Casino Brewing Company,Oroville,2010
 Feather River Brewing Company,Magalia,2005
 Federation Brewing,Oakland,2015
 Ferment.Drink.Repeat,San Francisco,2016
 Fieldwork Brewing Company,Berkeley,2015
 FiftyFifty Brewing Company,Truckee,2007
 Figueroa Mountain Brewing,Buellton,2010
 Final Draft Brewing Company,Redding,2017
 FireHouse Grill & Brewery,Sunnyvale,2005
 Firemans Brew,Woodland Hills,2008
 Firestone Walker Brewing (Duvel-Moortgat),Paso Robles,1996
 Five Suns Brewing,Martinez,2018
 Five Threads Brewing Company,Westlake Village,2015
 Five Window Beer Company,Lodi,2017
 Flat Fish Brewing Company,Camarillo,2018
 Flatland Brewing,Elk Grove,2016
 Floodcraft Brewing Company,San Jose,2014
 Fogbelt Brewing Company,Santa Rosa,2014
 Fort Point Beer Company,San Francisco,2014
 Fort Rock Brewing,Rancho Cordova,2017
 Fountainhead Brewing,Sacramento,2016
 Four Sons Brewing,Huntington Beach,2014
 Freewheel Brewing Company,Redwood City,2013
 Frogtown Brewery,Los Angeles,2017
 Full Circle Brewing Company,Fresno,2006
 Garage Brewing Company and Pizzeria,Temecula,2013
 GearTooth Alewerks,San Jose,2016
 Ghost Town Brewing,Oakland,2014
 Ghostwood Beer Co.,Redwood City,2018
 Gilman Brewing Company,Berkeley,2016
 GoatHouse Brewing,Lincoln,2013
 Gold Hill Brewery,Placerville,2009
 Golden Gate Brewing Company,Oakland,2013
 Golden Road Brewing (AB InBev),Los Angeles,2011
 Golden State Brewery,Santa Clara,2015
 Good Microbrew & Grill,Los Angeles,2009
 Gordon Biersch Brewing Company (Craftworks),San Jose,1988
 Graffiti Restaurant,Petaluma,2006
 Grass Valley Brewing Company,Grass Valley,2018
 Grav South,Cotati,2016
 Green Cheek Beer Company,Orange ,2017
 Green Flash Brewing Company,San Diego,2002
 Green River Brewing,Winters,2017
 Grillin & Chillin Ale House,Hollister,2015
 Groundswell Brewing Company,San Diego,2013
 Guadalupe Brewery (CA),Carlsbad,2015
 Gunwhale Ales,Costa Mesa,2016
 H2OPS Sparkling Hop Water,Anaheim,2014
 Half Door Brewing,San Diego,2015
 Half Moon Bay Brewing Company,Half Moon Bay,2000
 Hamilton Family Brewery,Rancho Cucamonga,2014
 Hand Brewed Beer,Chatsworth,2015
 Handles Gastropub,Pleasanton,2011
 Hangar 24 Craft Brewing,Redlands,2008
 Hapa's Brewing Company,San Jose,2017
 Hard Frescos Brewing Company,San Francisco,2017
 Harmonic Brewing,San Francisco,2015
 Headlands Brewing Company,San Francisco,2013
 Healdsburg Beer Company,Healdsburg,2010
 Helix Brewing Company,La Mesa,2016
 Helm's Brewing Company,San Diego,2012
 HenHouse Brewing Company,Santa Rosa,2012
 Heretic Brewing Company,Fairfield,2011
 Hermitage Brewing Company,San Jose,2009
 Heroes Restaurant & Brewery,Riverside,2013
 High Water Brewing,Chico,2011
 Highland Park Brewery,Los Angeles,2014
 Highway 1 Brewing Company,Pescadero,2013
 Hillcrest Brewing Company,San Diego,2012
 Hillenbrand Farmhaus Brewery,Newcastle,2017
 Hoi Polloi Brewing,Berkeley,2014
 Hollister Brewing Company,Goleta,2007
 Holy Craft Brewing Company,San Francisco,2015
 Homage Brewing,Pomona,2016
 Home Brewing Company,San Diego,2015
 Honey Wagon Brewing,Tehachapi,2014
 Hoover's 101 Cafe,Atascadero,2010
 Hop Dogma Brewing Company,El Granada,2013
 Hop Secret Brewing Company,Monrovia,2018
 Hoparazzi Brewing Company,Anaheim,2016
 HopMonk,Sebastopol,2008
 Hoppy Brewing Company,Sacramento,1991
 HopSaint Brewing Company,Torrance,2015
 Hopyard,San Ramon,2009
 Horus Aged Ales,Oceanside,2015
 House Brewing,Venice Beach,2018
 House Brewing Company,Venice Beach,2014
 House of Pendragon Brewing Company,Sanger,2013
 Humble Farmer Brewing,Holtville,2016
 Humble Sea Brewing Company,Santa Cruz,2016
 Humboldt Regeneration Brewhouse,McKinleyville,2013
 Huntington Beach Beer Company,Huntington Beach,1996
 I & I Brewing,Chino,2012
 Inc 82 Brewing,Dublin,2017
 Independent Brewing Company,Oakland,2014
 Indian Joe Brewing,Vista,2012
 Indian Wells Brewing,Inyokern ,1995
 Indie Brewing Company,Los Angeles,2016
 Inland Empire Brewing,Riverside,2009
 Inland Wharf Brewing Company,Murrieta,2017
 Innovation Brew Works,Pomona,2014
 Institution Ale Company,Camarillo,2013
 Iron Fist Brewing Company,Vista,2010
 Iron Springs Pub and Brewery,Fairfax,2005
 Iron Triangle,Los Angeles,2016
 Ironfire Brewing Company,Temecula,2012
 Island Brewing,Carpinteria,2001
 Jack Russell Farm Brewery,Camino,1999
 Jacked Up Brewery,Escondido,2017
 Jackrabbit Brewing Company,West Sacramento,2013
 Jacks Brewing Company,Fremont,2001
 Jamul Brewing Company,Jamul,2015
 JP DasBrew,Fremont,2012
 JT Schmids Brewhouse & Eatery,Anaheim,2002
 Junction Brewery & Grill,American Canyon,2016
 June Lake Brewing,June Lake,2014
 Jupiter,Berkeley,2001
 Karl Strauss Brewing Company,San Diego,1989
 Kathrin's Biergarten,Rocklin,2018
 Kaweah Brewing Company,Tulare,2014
 Kelsey Creek Brewing Company,Kelseyville,2013
 Kensington Brewing Company (CA),San Diego,2014
 Kern River Brewing,Kernville ,2006
 Kilowatt Brewing,San Diego,2015
 Kinetic Brewing Company,Lancaster,2011
 King Harbor Brewing Company,Redondo Beach,2014
 Kings Brewing Company,Rancho Cucamonga,2016
 Knee Deep Brewing Company,Auburn,2010
 Knotty Brewing,San Diego,2016
 K-Oz Restaurant & Brewery,San Francisco,2018
 La Quinta Brewing Company,La Quinta,2013
 La Verne Brewing Company,La Verne,2013
 Ladyface Ale Companie,Agoura Hills,2009
 Laguna Beach Beer Company,Laguna Beach,2014
 Laguna Beach Brewery & Grille,Laguna Beach,2016
 Lagunitas Brewing Company (Heineken),Petaluma,1994
 Lake Tahoe AleworX,South Lake Tahoe,2017
 Lassen Ale Works,Susanville,2013
 Last Name Brewing,Upland,2007
 Latchkey Brewing,San Diego,2018
 Latitude 33 Brewing Company,Vista,2011
 Laughing Monk Brewing,San Francisco,2016
 Lazy Daze Brewery,Roseville,2008
 Lazy Duck Brewing Company,San Jose,2018
 Leashless Brewing,Ventura,2017
 Left Coast Brewing Company,San Clemente,2004
 Legacy Brewing Company,Oceanside,2013
 Legends Craft Brewery,Anaheim,2014
 Lengthwise Brewery,Bakersfield,1999
 Leucadia Brewing Company,Leucadia ,2016
 Liberation Brewing Company,Long Beach,2018
 Libertine Brewing Company,Morro Bay,2013
 Lightning Brewery,Poway,2006
 Lincoln Beer Company,Burbank,2016
 Line 51 Brewing,Oakland,2012
 Little Miss Brewing,San Diego,2016
 Little Tree Brewing,Grover Beach,2016
 Local Brewing Company,San Francisco,2011
 Local Craft Beer,Tehachapi ,2018
 Lockdown Brewing Company,Folsom,2005
 Lodi Beer Company,Lodi,2007
 Loma Brewing Company,Los Gatos,2016
 Long Beach Beer Lab,Long Beach,2017
 Longship Brewery,San Diego,2016
 Loomis Basin Brewing Company,Loomis,2011
 Los Angeles Ale Works,Hawthorne,2014
 Lost Coast Brewery & Cafe,Eureka,2000
 Lost Winds Brewing Company,San Clemente,2016
 LouEddies Pizza,Skyforest,2015
 Lucky Devil Brewing Company,Oakland,2013
 Lucky Hand Brewing Company,Novato,2010
 Lucky Luke Brewing,Palmdale,2015
 M Special Brew Company,Goleta,2015
 MacLeod Ale Brewing Company,Van Nuys,2014
 Mad Duck Craft Brewery,Fresno,2016
 Mad Fritz Brewing Company,Saint Helena,2014
 Mad River Brewery,Blue Lake,1989
 Madewest Brewing,Ventura,2016
 Magnolia Pub and Brewery,San Francisco,1999
" Main Street Brewery (Corona, CA)",Corona,1997
 Mammoth Brewing Company,Mammoth Lakes,1996
 ManRock Brewing Company,Grover Beach,2012
 Mare Island Brewing Company,Vallejo,2014
 Marin Brewing Company,Larkspur,1989
 Mason Ale Works,Oceanside,2016
 Mason Jar Brewing Company,Menifee,2015
 MateVeza Brewing Company,San Francisco,2010
 Mendocino Brewing Company (United Breweries Group),Ukiah,1983
 Midnight Jack Brewing Company,Oceanside,2016
 Mike Hess Brewing Company,San Diego,2010
 Mikkeller San Diego,San Diego,2016
 Mill Valley Beerworks,Mill Valley,2012
 Miners Alley Brewing Company,Oroville,2015
 Mission Brewery,San Diego,2007
 Modern Times Beer,San Diego,2013
 Moksa Brewing Company,Rocklin,2018
 Monkish Brewing Company,Torrance,2012
 Monks Cellar Brewery & Public House,Roseville,2014
 Monterey Bay Brewing Company,Carmel,2018
 Monterey Coast Brewing Restaurant & Brewery,Salinas,2004
 Moonlight Brewing Company (Heineken),Santa Rosa,2001
 Moonraker Brewing Company,Auburn,2016
 Morgan Territory Brewing,Tracy,2015
 Mother Earth Brew Company,Vista,2010
 Mount St. Helena Brewing Company,Middletown,1996
 Mountain Rambler Brewery,Bishop,2014
 Moylans Brewery & Restaurant,Novato,1993
 Mraz Brewing Company,El Dorado Hills,2013
 Mt. Shasta Brewing Company,Weed,2004
 Mumford Brewing,Los Angeles,2015
 Mutt & Jess Bakery - Deli - Brewery,Cobb,2015
 Nakhon Brewing Company,Los Angeles,2010
 Napa Palisades,Napa,2016
 Napa Smith Brewery,Vallejo,2017
 Napa Valley Brewing / Calistoga Inn,Calistoga,2002
 Naughty Oak Brewing Company,Orcutt,2016
 Network Brewery,Santa Ana,2016
 New Agorist Beer Company,Anaheim,2018
 New Bohemia Brewing Company,Santa Cruz,2015
 New English Brewing,San Diego,2007
 New Glory Craft Brewery,Sacramento,2013
 New Helvetia Brewing Company,Sacramento ,2013
 New World Ales,Saratoga,2016
 Newport Beach Brewing Company,Newport Beach,1999
 Nickel Beer Company,Julian,2014
 Night Lizard,Santa Barbara ,2018
 No Clue Craft Brewery,Rancho Cucamonga,2014
 Noble Ale Works,Anaheim,2009
 Noble Brewer,Oakland,2015
 North Coast Brewing Company,Fort Bragg,1987
 North Park Beer Company,San Diego,2016
 Novel Brewing,Oakland,2016
 Novo Brazil Brewing Company,Chula Vista,2015
 Oak Hills Brewing Company,Hesperia,2013
 Oakland Brewing Company,Oakland,2009
 Oakland United Beerworks,Oakland,2008
 OB Brewery,San Diego,2016
 Ocean View Brew Works,Albany,2018
 Oceanside Ale Works,Oceanside,2006
 Odonata Beer Company,Sacramento,2009
 Off the Grid Brewing Company,Apple Valley,2012
 Oggis Pizza and Brewing Company,San Clemente,1999
 Ogopogo Brewing,San Gabriel,2018
 Ohana Brewing Company,Los Angeles,2012
 Ojai Valley Brewery,Ojai,2017
 Ol' Republic Brewery,Nevada City,2011
 Old Bus Tavern,San Francisco,2015
 Old Hangtown Beer Works,Rancho Cordova,2012
 Old Kan Beer and Company,Oakland,2017
 Old Orange Brewing Company,Orange,2011
 Old Redwood Brewing Company,Windsor,2012
 Old Stump Brewery,Pomona,2015
 Olde Ritual Brewing Company,Sacramento,2012
 O'Meara Bros. Brewing Company,Lakeport,2015
 Original Pattern Brewing Company,Oakland,2018
 Ouroboros Ales,Ventura,2012
 Out of Bounds Brewing Company,Rocklin,2013
 Outbreak Brewing Company,Placerville,2016
 Outpost Brewing Company,South Lake Tahoe,2018
 outRAGEus Beverages,,2013
 Pabst Brewing Company,Los Angeles,2009
 Pacific Beach Ale House,San Diego,2008
 Pacific Brewing Company,San Diego,2014
 Pacific Brewing Laboratory,San Francisco,2011
 Pacific Drift Brewing Company,San Diego,2016
 Pacific Islander Beer Company (PIB),Santee,2015
 Pacific Plate Brewing Company,Monrovia,2013
 Packinghouse Brewing Company,Riverside,2010
 Palm Springs Brewing Co.,Palm Springs,1994
 Palmia Corp.,San Francisco,2017
 Palo Alto Brewing Company,Palo Alto,2009
 Pariah Brewing Company,San Diego,2017
 Pentagonal Brewing Company,Imperial,2017
 Peter B's Brewpub,Monterey,2002
 Pete's Restaurant & Brewhouse,Sacramento,2009
 Phantom Ales,Anaheim,2014
 Phantom Carriage,Carson,2013
 Pine & Palm Brewing,Fresno,2016
 Pine Street Brewery,San Francisco,2013
 Pismo Brewing Company,Pismo Beach,2011
 Pizza Orgasmica & Brewing Company,San Francisco,2006
 Pizza Port (Bressi Ranch),Carlsbad,2013
 Pizza Port (Carlsbad),Carlsbad,2001
 Pizza Port (Ocean Beach),San Diego,2010
 Pizza Port (San Clemente),San Clemente,2003
 Pizza Port (Solana Beach),Solana Beach,1992
 Placerville Brewing Company,Placerville,2006
 Plan 9 Alehouse,Escondido,2013
 Pleasanton Main Street Brewery,Pleasanton,2003
 Plow Brewing Company (Divine Brewing),Santa Rosa,2011
 Pocock Brewing Company,Santa Clarita,2015
 Poor House Brewing Company,San Diego,2012
 Porchlight Brewing Company,Sacramento,2017
 Port Brewing Company / The Lost Abbey,San Marcos,2006
 Port O'Pints Brewery,Crescent City,2017
 Poseidon Brewing Company,Ventura,2014
 Power Club Brewery,Auburn,2013
 Prodigy Brewing Company,San Diego,2015
 Progress Brewing,South El Monte,2013
 Prohibition Brewing (California),Vista,2012
 Prospectors Brewing Company,Mariposa,2012
 Protector Brewery,San Diego,2017
 Pure Order Brewing Company,Santa Barbara,2013
 Pure Project,San Diego,2016
 Quantum Brewing (CA),San Diego,2014
 ReaperAle Brewing Company,Lake Elsinore,2009
 Reckless Brewing,San Diego,2012
 Red Bus Brewing Company,Folsom,2018
 Red Car Brewery & Restaurant,Torrance,2003
 Red Tandem Brewery,Oxnard,2016
 Redwood Curtain Brewing Company,Arcata,2010
 Reel Brewery,Van Nuys,2015
 Refuge Brewery,Temecula,2013
 Regal Brau Brewing Company,West Hollywood,2015
 Relentless Brewing,Temecula,2016
 Rescue Brewing Company,Upland,2018
 Resident Brewing,San Diego,2016
 REV Brewing Company,Covina,2015
 Right Eye Brewing Company,Suisun City,2011
 Riip Beer Company,Huntington Beach,2015
 Riley's Brewing,Madera,2018
 Riley's Brewing Company,Madera,2012
 Rincon Brewery,Carpinteria,2014
 Rip Current Brewing,San Marcos,2012
 Ritual Brewing Company,Redlands,2012
 River City (CA) Brewing,Carmichael,1993
 River Rock Brewery,Galt,2017
 Roadside Attraction,Marina Del Rey,2016
 Rob Rubens Distilling and Brewing,El Segundo,2016
 Rock Bottom Campbell (San Jose),Campbell,2004
 Rock Bottom La Jolla,La Jolla,2004
 Rock Bottom Long Beach,Long Beach,2004
 Rök House Brewing Company,Upland,2014
 Roses' Brewing Company,Oakland,2017
 Roseville Brewing Company,Roseville,2012
 Rough Draft Brewing Company,San Diego ,2012
 Rouleur Brewing Company,Carlsbad,2017
 Route 30 Brewing,Riverside,2016
 Rowdy's Brew Company,Rancho Cucamonga,2016
 Ruhstaller,Sacramento,2011
 Russian River Brewing,Santa Rosa,2001
 Ruth McGowans Brewpub,Cloverdale,2005
 Sacrament Brewing Company,Sacramento,2018
 Sacrilege Brewery + Kitchen,Half Moon Bay,2017
 Sactown Union Brewery,Sacramento,2015
 Saint Archer Brewing Company (Tenth and Blake - MillerCoors),San Diego,2013
 San Diego Brewing Company,San Diego,2001
 San Fernando Brewing Company,San Fernando,2016
 San Francisco Brewing Company,San Francisco,2012
 San Marcos Brewery & Grill,San Marcos,2000
 San Pedro Brewing Company,San Pedro,1999
 Sanctum Brewing Company,Pomona,2014
 Sandude Brewing Company,Turlock,2014
 Santa Barbara Brewing Company,Santa Barbara,1995
 Santa Clara Valley Brewing,San Jose,2013
 Santa Cruz Ale Works,Santa Cruz,2008
 Santa Cruz Mountain Brewing,Santa Cruz,2005
 Santa Maria Brewery,Nipomo,2008
 Santa Monica Brew Works,Santa Monica,2014
 Sante Adairius Rustic Ales,Capitola,2012
 Santos Brewing Company,Sacramento,2014
 Sauced Brewing Company,Livermore,2015
 Savagewood Brewing,San Diego,2018
 Scholb Premium Ales,Torrance,2016
 Schubros Brewery,San Ramon,2012
 Seabright Brewery,Santa Cruz,2001
 SeaQuake Brewing,Crescent City,2016
 Second Chance Beer Company,San Diego,2015
 Secret Trail Brewing Company,Chico,2017
 Seismic Brewing Company,Santa Rosa,2017
 Sequoia Brewing Company,Fresno,2003
 Seven Stills Brewery & Distillery,San Francisco,2016
 Shadow Puppet Brewing Company,Livermore,2016
 Shady Oak Barrel House,Santa Rosa,2014
 Shanghai Beer Garden,Ventura,2014
 Shanty Irish Brewing Company (Rooney's),Orcutt,2013
 Shanty Shack Brewing,Santa Cruz,2017
 SHE Beverage Company,Lancaster,2015
 Shire Reeve Brewing Company,Anaheim,2011
 Sidellis Lake Tahoe Brewery and Restaurant,South Lake Tahoe,2016
 Sierra Nevada Brewing Company,Chico,1981
 Silva Brewing,Paso Robles,2015
 Simmzy's,Burbank,2017
 Simpleton Craft Ales,San Francisco,2015
 Six Rivers Brewery,McKinleyville,1996
 Skyland Ale Works,Corona,2014
 Skyscraper Brewing Company,El Monte,2007
 SLO Brew,San Luis Obispo,1988
 Smog City Brewing,Torrance,2011
 Smoking Cannon Brewery,Ramona,2017
 Snowshoe Brewing Company,Arnold,1995
 SoCal Beer Company,Tarzana,2010
 Social Kitchen & Brewery,San Francisco,2010
 Societe Brewing Company,San Diego,2012
 Solarc Beer Company,Vernon,2015
 Solid Ground Brewing,Diamond Springs,2018
 Solvang Brewing Company,Solvang,2011
 Sonoma Springs Brewing Company,Sonoma,2009
 Sons of Liberty Aleworks,Norco,2012
 Soquel Fermentation Project,Los Gatos,2018
 Sour Cellars,Rancho Cucamonga ,2017
 South Gate Brewing,Oakhurst,2013
 South Lake Brewing Company,South Lake Tahoe,2017
 South Park Brewing (CA),San Diego,2015
 Southern Pacific Brewing,San Francisco,2012
 SouthNorte Beer Company,San Diego,2017
 Southpaw BBQ and Southern Cooking,San Francisco,2012
 Speakeasy Ales and Lagers,San Francisco,2000
 SpecHops Brewing,Vista,2017
 SR76 Beerworks,Valley Center,2016
 St. Florian's Brewery,Windsor,2013
 St. Stans Brewing Company,Modesto,1985
 Stadium Brewing Company,Aliso Viejo,2004
 Stadium Pizza,Wildomar,2013
 Standard Deviant Brewing,San Francisco,2016
 Stash Brewing Company,Garden Valley,2017
 State Brewing Company,Gardena,2017
 State Room Brewery,San Rafael,2017
 Stateline Brewery,South Lake Tahoe,2009
 Steel Bonnet Brewing Company,Scotts Valley,2015
 Steele & Hops Public House,Santa Rosa,2017
 Stereo Brewing Company,Placentia,2016
 Stone Brewing,Escondido,1996
 Stone Brewing - Liberty Station,San Diego,2013
 Stone Church Brewing (CA),Corona,2016
 Strand Brewing Company,Torrance,2009
 Strike Brewing Company,San Jose,2011
 Strum Brewing,Ontario,2016
 Stumblefoot Brewing Company,San Marcos,2012
 Stumptown Brewery,Guerneville,1996
 Sudwerk Brewing Company,Davis,1990
 Sufferfest Beer Company,San Francisco,2016
 Sundowner Brewery,Westlake Village,2013
 Sunset Reservoir Brewing Company,San Francisco,2015
 Super Owl Brewing,Davis,2017
 Surf Brewery,Ventura,2011
 Sutter Buttes Brewing Company,Yuba City,2010
 T.W. Pitchers Brewing Company,San Francisco,2015
 Tactical Ops Brewing,Clovis,2014
 Tahoe Mountain Brewing Company,Tahoe City,2013
 Tannery Bend Beerworks,Napa,2017
 Tap It Brewing Company,San Luis Obispo,2011
 Taplands,Santa Clara,2016
 Taps Fish House and Brewery,Brea,1999
 Tarla Mediterranean Bar + Grill,Napa,2018
 Tehachapi Mountain Pub and Brewery,Tehachapi,2013
 Telegraph Brewing (Epic Brewing UT/CO),Santa Barbara,2006
 Temblor Brewing Company,Bakersfield,2016
 Temescal Brewing,Oakland,2016
 Tent City Beer Company,Atascadero,2012
 The Academy of Fine Beers,El Monte,2008
 The Barn Brewery,San Diego,2015
 The Bell Marker Brewery & Kitchen,San Diego,2018
 The Booth Brewing Co. US,Eureka,2017
 The Brew House at Eastlake,Chula Vista,2008
 The Brewery at Abigaile,Hermosa Beach,2012
 The Brewery at Lake Tahoe,South Lake Tahoe,2002
 The Brewhouse (California),Santa Barbara,2004
 The Brewing Lair,Blairsden,2012
 The Bruery,Placentia,2008
 The Dudes,Torrance,2013
 The Gentleman Scholar,Los Angeles,2009
 The Good Beer Company,Santa Ana,2014
 The Great Beer Company,Chatsworth,2010
 The Hop Concept,San Marcos,2015
 The Lab Brewing Company,Agoura Hills,2011
 The Rare Barrel,Berkeley,2013
 Third Street Aleworks,Santa Rosa,2000
 Third Window Brewing,Santa Barbara,2016
 Thirsty Bear Brewing Company,San Francisco,1995
 Thompson Brewing Company,Riverside,2013
 Thorn Street Brewery,San Diego,2012
 Thr3e Punk Ales Brewing Company,Chula Vista,2017
 Three Forks Bakery & Brewing Company,Nevada City,2015
 Three Mile Brewing Company,Davis,2016
 Three Monkeys Brewing Company,Madera,2011
 Three Rivers Brewing Co.,Three Rivers ,2018
 Three Weavers Brewing Company,Inglewood,2014
 Thunderhawk Alements,San Diego,2016
 Tied House Brewing,Mountain View,1987
 Tilt Brewing Company,San Jose,2017
 Tilted Mash Brewing,Elk Grove,2016
 Timeless Pints Brewing Company,Lakewood,2013
 Tioga-Sequoia Brewing Company,Fresno,2010
 Toolbox Brewing Company,Vista,2014
 Topa Topa Brewing Company,Ventura,2015
 Toro Creek Brewing Company,Atascadero,2015
 Towne Park Brew,Anaheim,2018
 Track 7 Brewing Company,Sacramento,2011
 Trade Brewing,Napa,2018
 Trader Joe's (Steinhaus Brewing / JosephsBrau),Monrovia,2015
 Transplants Brewing Company,Palmdale,2016
 Triple Rock Brewery & Alehouse,Berkeley,1985
 Triple Voodoo Brewing,San Francisco,2011
 Truckee Brewing Company,Truckee,2018
 True Symmetry Brewing Company,Suisun City,2018
 Trumer Brauerei (US),Berkeley,2007
 Tustin Brewing Company,Tustin,2002
 Ukiah Brewing Company,Ukiah,2000
 Umunhum Brewing Co-Op,San Jose,2016
 Uncle Sam's Misguided Brewery,Livermore,2014
 Uncommon Brewers,Santa Cruz,2008
 United Brands Company,Los Angeles,2009
 Unsung Brewing Company,Tustin,2016
 Uproar Brewing Company,San Jose,2017
 Urban Roots Brewing & Smokehouse,Sacramento,2018
 Valiant Brewing,Orange,2013
 Venice Ale House,Venice,2013
 Venice Beach Beer Company,Venice,2015
 Venice Duck Brewery,Los Angeles,2014
 Ventura Coast Brewing Company,Ventura,2017
 Verdugo West Brewing,Burbank,2017
 Viewpoint Brewing Company,Del Mar,2017
 W Brewing / 559 Brewing,Clovis,2013
 Waganupa Brewing,Chester,2016
 Waterman Brewing Company,Elk Grove,2017
 Wavelength Brewing Company,Vista,2014
 Westlake Brewing Company,Westlake Village,2016
 White Labs,San Diego,2012
 Wicks Brewing,Riverside,2013
 Wiens Brewing Company,Temecula,2012
 Wild Barrel Brewing Company,San Marcos,2017
 Wildcard Brewing Company,Redding ,2013
 Wiretap Brewing,Los Angeles,2017
 Wolf Creek Brewing Company,Valencia,1997
 Woodfour Brewing Company,Sebastopol,2013
 Woods Bar & Brewery,Oakland,2014
 Woody's Brewing Company,Redding,2015
 Working Man Brewing Company,Livermore,2013
" World Brews, Winery Exchange Inc.",Novato,2010
 Yolo Brewing Company,West Sacramento,2014
 Yorkshire Square Brewery,Torrance,2017
 Zona Rosa Brewing,Pasadena,2017
 Zymurgy Brew Works,Torrance,2017
